{
    "os": "Windows-10-10.0.26100-SP0",
    "python": "3.11.7",
    "heartbeatAt": "2025-06-05T07:37:53.406732",
    "startedAt": "2025-06-05T07:37:52.721274",
    "docker": null,
    "cuda": null,
    "args": [],
    "state": "running",
    "program": "D:\\pytorch-breed-classification\\app\\train_and_eval.py",
    "codePathLocal": "train_and_eval.py",
    "codePath": "app\\train_and_eval.py",
    "git": {
        "remote": "https://github.com/Thriveeni95/pytorch-breed-classification.git",
        "commit": "d8f2f8f7a4aa5f5971384d45b8659f6a844331fc"
    },
    "email": "pchichghare@synoptek.com",
    "root": "D:/pytorch-breed-classification",
    "host": "SYN-009719",
    "username": "pchichghare",
    "executable": "D:\\pytorch-breed-classification\\.venv\\Scripts\\python.exe",
    "cpu_count": 4,
    "cpu_count_logical": 8,
    "cpu_freq": {
        "current": 2803.0,
        "min": 0.0,
        "max": 2803.0
    },
    "cpu_freq_per_core": [
        {
            "current": 2803.0,
            "min": 0.0,
            "max": 2803.0
        }
    ],
    "disk": {
        "/": {
            "total": 237.49901962280273,
            "used": 28.99859619140625
        }
    },
    "memory": {
        "total": 15.709095001220703
    }
}
